-- CRM 零售业务测试数据
-- 场景: 名创优品风格快时尚百货, 3名员工, 25位客户

-- ========== 员工 ==========
INSERT INTO sys_user (username, password, real_name, role, phone) VALUES
('zhangwei', '$2a$10$gbTE46j3Jv1tVUd1THh7pOYCPvN7/n48c9cHUfXDu.QpUQd21q.zu', '张伟', 'EMPLOYEE', '13800000001'),
('liming', '$2a$10$gbTE46j3Jv1tVUd1THh7pOYCPvN7/n48c9cHUfXDu.QpUQd21q.zu', '李明', 'EMPLOYEE', '13800000002'),
('wangfang', '$2a$10$gbTE46j3Jv1tVUd1THh7pOYCPvN7/n48c9cHUfXDu.QpUQd21q.zu', '王芳', 'EMPLOYEE', '13800000003');

-- ========== 客户 ==========
INSERT INTO customer (name, phone, email, gender, age, source, level, owner_id, status, remark, created_at) VALUES
('陈思雨', '13910001111', 'chensy@qq.com', '女', 24, '门店', '高价值', 2, 1, '喜欢美妆护肤类，每次都买很多', '2026-01-15 10:30:00'),
('刘建国', '13910001112', 'liujg@163.com', '男', 42, '小程序', '高价值', 2, 1, '企业采购为主，办公用品', '2026-01-20 14:20:00'),
('张晓萌', '13910001113', 'zxm@qq.com', '女', 19, '门店', '高价值', 3, 1, '大学生，喜欢文具玩具', '2026-02-03 16:45:00'),
('王大明', '13910001114', 'wangdm@gmail.com', '男', 35, '门店', '普通', 2, 1, NULL, '2026-02-10 09:15:00'),
('李佳琪', '13910001115', 'lijiq@163.com', '女', 28, '小程序', '高价值', 3, 1, '美妆博主，种草能力极强', '2026-02-14 11:00:00'),
('赵铁柱', '13910001116', NULL, '男', 55, '地推', '普通', 2, 1, '社区便利店店主', '2026-02-18 08:30:00'),
('孙美美', '13910001117', 'sunmei@qq.com', '女', 31, '门店', '普通', 3, 1, NULL, '2026-03-01 13:20:00'),
('周小川', '13910001118', NULL, '男', 22, '门店', '沉睡', NULL, 1, '3个月未到店', '2026-03-05 15:40:00'),
('吴芳芳', '13910001119', 'wuff@163.com', '女', 26, '小程序', '普通', 2, 1, NULL, '2026-03-10 10:10:00'),
('郑浩', '13910001120', 'zhengh@qq.com', '男', 29, '地推', '普通', 3, 1, '健身房教练', '2026-03-12 17:00:00'),
('冯雪', '13910001121', NULL, '女', 33, '门店', '高价值', 3, 1, '宝妈，常买家居收纳', '2026-03-15 11:30:00'),
('陈小春', '13910001122', 'chenxc@163.com', '男', 45, '门店', '沉睡', NULL, 1, '半年未消费', '2026-03-18 09:00:00'),
('褚婷婷', '13910001123', 'chutt@qq.com', '女', 21, '小程序', '普通', 2, 1, '大学生', '2026-03-20 14:15:00'),
('卫建国', '13910001124', NULL, '男', 50, '地推', '普通', 2, 1, '小区业主群群主', '2026-03-22 16:50:00'),
('蒋晓晓', '13910001125', 'jiangxx@163.com', '女', 27, '门店', '高价值', 3, 1, '白领，消费能力很强', '2026-03-25 12:00:00'),
('沈强', '13910001126', NULL, '男', 38, '门店', '普通', 2, 1, NULL, '2026-04-01 10:45:00'),
('韩梅梅', '13910001127', 'hanmei@qq.com', '女', 23, '小程序', '普通', 3, 1, NULL, '2026-04-03 13:30:00'),
('杨洋', '13910001128', NULL, '男', 20, '门店', '沉睡', NULL, 1, '只来过一次', '2026-04-05 15:20:00'),
('朱丽叶', '13910001129', 'zhuly@163.com', '女', 36, '地推', '普通', 2, 1, '社区团购团长', '2026-04-08 09:30:00'),
('秦岚', '13910001130', 'qinlan@qq.com', '女', 30, '门店', '高价值', 3, 1, '公司行政，定期采购', '2026-04-10 14:00:00'),
('尤勇', '13910001131', NULL, '男', 48, '地推', '普通', 2, 1, NULL, '2026-04-12 11:15:00'),
('许晴', '13910001132', 'xuqing@163.com', '女', 25, '小程序', '普通', 3, 1, NULL, '2026-04-14 16:00:00'),
('何琳', '13910001133', NULL, '女', 40, '门店', '沉睡', NULL, 1, '客户投诉过服务态度', '2026-04-16 10:30:00'),
('吕秀才', '13910001134', 'lvxc@qq.com', '男', 32, '门店', '普通', 2, 1, NULL, '2026-04-18 13:45:00'),
('施悦', '13910001135', 'shiyue@163.com', '女', 22, '小程序', '普通', 3, 1, '第一次来线上', '2026-04-20 15:10:00');

-- ========== 客户线索 ==========
INSERT INTO customer_lead (customer_id, employee_id, status, is_pool, follow_count, last_follow_at) VALUES
(1, 2, '已转化', 0, 3, '2026-03-20 10:00:00'),
(2, 2, '已转化', 0, 5, '2026-04-01 14:00:00'),
(3, 3, '已转化', 0, 4, '2026-03-15 11:30:00'),
(4, 2, '跟进中', 0, 2, '2026-04-20 09:00:00'),
(5, 3, '已转化', 0, 6, '2026-04-10 16:20:00'),
(6, 2, '跟进中', 0, 1, '2026-04-18 08:30:00'),
(7, 3, '已转化', 0, 2, '2026-04-05 13:00:00'),
(8, NULL, '跟进中', 1, 0, NULL),
(9, 2, '跟进中', 0, 2, '2026-04-22 10:00:00'),
(10, 3, '已转化', 0, 3, '2026-04-08 17:00:00'),
(11, 3, '已转化', 0, 4, '2026-04-12 11:00:00'),
(12, NULL, '跟进中', 1, 0, NULL),
(13, 2, '跟进中', 0, 1, '2026-04-19 14:00:00'),
(14, 2, '跟进中', 0, 1, '2026-04-21 16:00:00'),
(15, 3, '已转化', 0, 5, '2026-04-15 12:00:00'),
(16, 2, '跟进中', 0, 2, '2026-04-20 10:45:00'),
(17, 3, '跟进中', 0, 1, '2026-04-22 13:30:00'),
(18, NULL, '跟进中', 1, 0, NULL),
(19, 2, '已转化', 0, 3, '2026-04-14 09:30:00'),
(20, 3, '已转化', 0, 5, '2026-04-18 14:00:00'),
(21, 2, '跟进中', 0, 1, '2026-04-23 11:15:00'),
(22, 3, '跟进中', 0, 2, '2026-04-20 16:00:00'),
(23, NULL, '跟进中', 1, 0, NULL),
(24, 2, '已转化', 0, 2, '2026-04-19 13:45:00'),
(25, 3, '跟进中', 0, 1, '2026-04-22 15:10:00');

-- ========== 会员 ==========
INSERT INTO member (customer_id, card_level, points, registered_at) VALUES
(1, '金卡', 6200, '2026-01-20 10:00:00'),
(2, '金卡', 7800, '2026-01-25 14:00:00'),
(3, '银卡', 2500, '2026-02-10 16:00:00'),
(5, '金卡', 9500, '2026-02-20 11:00:00'),
(7, '普通', 350, '2026-03-05 13:00:00'),
(9, '银卡', 1200, '2026-03-12 10:00:00'),
(10, '普通', 680, '2026-03-15 17:00:00'),
(11, '金卡', 5100, '2026-03-18 11:00:00'),
(13, '普通', 200, '2026-03-22 14:00:00'),
(15, '金卡', 8300, '2026-03-28 12:00:00'),
(16, '普通', 450, '2026-04-03 10:00:00'),
(19, '银卡', 1800, '2026-04-10 09:00:00'),
(20, '银卡', 3200, '2026-04-12 14:00:00'),
(22, '普通', 150, '2026-04-15 16:00:00'),
(24, '普通', 800, '2026-04-19 13:00:00');

-- ========== 积分记录 ==========
INSERT INTO point_record (member_id, type, points, reason, created_at) VALUES
(1, '获取', 2000, '春节促销双倍积分', '2026-01-25 15:00:00'),
(1, '获取', 1500, '季度消费奖励', '2026-02-20 11:00:00'),
(1, '获取', 800, '日常消费', '2026-03-15 14:30:00'),
(1, '获取', 1200, '会员日消费', '2026-04-01 16:00:00'),
(1, '消耗', 500, '兑换收纳盒', '2026-04-10 10:00:00'),
(2, '获取', 3000, '企业采购积分', '2026-02-01 09:00:00'),
(2, '获取', 2000, '季度消费奖励', '2026-03-01 14:00:00'),
(2, '获取', 2800, '节日促销消费', '2026-04-05 11:00:00'),
(3, '获取', 1200, '开学季消费', '2026-02-15 13:00:00'),
(3, '获取', 800, '日常消费', '2026-03-10 16:00:00'),
(3, '获取', 500, '生日月双倍', '2026-04-08 10:30:00'),
(5, '获取', 4000, '大额消费积分', '2026-03-05 14:00:00'),
(5, '获取', 3000, '推荐新客奖励', '2026-03-20 11:00:00'),
(5, '获取', 2500, '节日促销', '2026-04-12 15:30:00'),
(11, '获取', 2000, '季度消费', '2026-04-01 10:00:00'),
(11, '获取', 1800, '年卡充值', '2026-04-15 14:00:00'),
(11, '获取', 1300, '日常消费', '2026-04-22 16:00:00'),
(15, '获取', 3500, '入驻消费大礼包', '2026-04-01 09:00:00'),
(15, '获取', 2800, '连续三月消费奖励', '2026-04-20 11:00:00'),
(15, '获取', 2000, '会员日双倍', '2026-04-25 14:30:00');

-- ========== 订单及明细 ==========
INSERT INTO sales_order (customer_id, employee_id, total_amount, status, remark, created_at) VALUES
(1, 2, 156.80, '已付款', '美妆护肤', '2026-04-24 10:30:00'),
(1, 2, 89.00, '已付款', '文具', '2026-04-25 14:20:00'),
(1, 2, 256.50, '已付款', '家居收纳', '2026-04-26 16:45:00'),
(2, 2, 1280.00, '已付款', '企业批量采购办公用品', '2026-04-27 09:00:00'),
(2, 2, 680.00, '待付款', '办公补充', '2026-04-28 11:30:00'),
(3, 3, 45.00, '已付款', '玩具', '2026-04-24 15:00:00'),
(3, 3, 132.50, '已付款', '文创文具', '2026-04-25 13:20:00'),
(5, 3, 520.00, '已付款', '美妆套装', '2026-04-26 11:00:00'),
(5, 3, 210.00, '已付款', '护肤单品', '2026-04-29 16:30:00'),
(7, 3, 78.00, '已付款', '生活用品', '2026-04-24 10:00:00'),
(9, 2, 156.00, '已付款', '数码配件', '2026-04-27 09:30:00'),
(10, 3, 320.00, '已付款', '健身相关', '2026-04-30 17:00:00'),
(11, 3, 890.00, '已付款', '家居收纳大采购', '2026-04-25 14:00:00'),
(11, 3, 245.00, '已付款', '季节新品', '2026-04-28 10:30:00'),
(15, 3, 680.00, '已付款', '精选好物', '2026-04-29 15:20:00'),
(16, 2, 35.00, '已付款', '小件商品', '2026-04-27 11:00:00'),
(19, 2, 420.00, '已付款', '社区团购订单', '2026-04-28 09:00:00'),
(20, 3, 960.00, '已付款', '行政采购', '2026-04-29 14:00:00'),
(20, 3, 345.00, '已付款', '办公补充', '2026-04-30 16:00:00'),
(24, 2, 198.00, '已退款', '商品质量问题退货', '2026-04-26 10:00:00');

INSERT INTO order_item (order_id, product_name, qty, price) VALUES
(1, '面膜套装', 2, 59.90),
(1, '洗面奶', 1, 37.00),
(2, '笔记本A5', 5, 12.00),
(2, '中性笔套装', 1, 29.00),
(3, '收纳盒大号', 3, 45.00),
(3, '化妆包', 2, 35.00),
(3, '饰品架', 1, 51.50),
(4, '打印纸', 10, 25.00),
(4, '文件夹套装', 20, 15.00),
(4, '订书机', 5, 38.00),
(4, '白板笔套装', 8, 45.00),
(5, '便签纸', 15, 18.00),
(5, '签字笔', 20, 12.50),
(6, '盲盒玩具', 1, 45.00),
(7, '手帐本', 2, 35.00),
(7, '贴纸套装', 3, 20.00),
(7, '胶带', 1, 2.50),
(8, '精华液', 1, 280.00),
(8, '面膜套装', 2, 120.00),
(9, '口红', 2, 89.00),
(9, '卸妆水', 1, 32.00),
(10, '拖鞋', 2, 25.00),
(10, '毛巾', 1, 28.00),
(11, '蓝牙耳机', 1, 156.00),
(12, '运动毛巾', 3, 45.00),
(12, '水壶', 2, 85.00),
(13, '收纳箱大号', 4, 89.00),
(13, '衣架套装', 2, 56.00),
(13, '鞋盒', 10, 18.90),
(14, '春季限定手账', 2, 89.00),
(14, '马克杯', 1, 67.00),
(15, '香薰蜡烛', 3, 128.00),
(15, '精油套装', 1, 296.00),
(16, '钥匙扣', 3, 8.00),
(16, '手机支架', 1, 11.00),
(17, '纸巾', 24, 3.50),
(17, '湿巾', 10, 8.00),
(17, '垃圾袋', 5, 15.00),
(17, '保鲜膜', 3, 35.00),
(18, '办公椅垫', 2, 280.00),
(18, '桌面收纳', 4, 100.00),
(19, '文件盘', 5, 45.00),
(19, '桌面摆件', 3, 40.00),
(20, '保温杯', 2, 99.00);

-- ========== 回访与投诉 ==========
INSERT INTO follow_up (customer_id, employee_id, type, plan_time, actual_time, content, status, created_at) VALUES
(1, 2, '回访', '2026-04-05 10:00:00', '2026-04-05 10:15:00', '客户对新产品很满意，询问下次促销时间', '已完成', '2026-04-05 10:15:00'),
(2, 2, '回访', '2026-04-10 14:00:00', '2026-04-10 14:30:00', '确认企业采购清单，客户表示后续还有需求', '已完成', '2026-04-10 14:30:00'),
(4, 2, '回访', '2026-04-22 09:00:00', NULL, '邀约到店看新品，客户有意向', '待处理', '2026-04-20 09:00:00'),
(6, 2, '回访', '2026-04-25 08:30:00', NULL, '首次跟进，介绍会员权益', '待处理', '2026-04-18 08:30:00'),
(8, 2, '回访', '2026-04-26 10:00:00', NULL, '公海池客户，尝试唤醒', '待处理', '2026-04-20 10:00:00'),
(11, 3, '回访', '2026-04-15 11:00:00', '2026-04-15 11:20:00', '宝妈客户，推荐儿童新品区', '已完成', '2026-04-15 11:20:00'),
(15, 3, '回访', '2026-04-18 14:00:00', '2026-04-18 14:10:00', '客户对服务很满意，已升级金卡', '已完成', '2026-04-18 14:10:00'),
(18, 3, '回访', '2026-04-28 15:00:00', NULL, '沉睡客户唤醒', '待处理', '2026-04-20 15:00:00'),
(20, 3, '回访', '2026-04-20 16:00:00', '2026-04-20 16:20:00', '确认下次采购时间，预计5月初', '已完成', '2026-04-20 16:20:00'),
(23, NULL, '投诉', '2026-04-16 10:00:00', NULL, '投诉门店员工服务态度差，要求道歉', '待处理', '2026-04-16 10:30:00'),
(12, NULL, '投诉', '2026-04-22 09:00:00', NULL, '购买的商品有瑕疵，要求退货退款', '处理中', '2026-04-22 09:00:00'),
(24, 2, '投诉', '2026-04-20 10:00:00', '2026-04-21 14:00:00', '商品质量问题，已办理退货退款，客户表示理解', '已完成', '2026-04-21 14:00:00');

-- ========== 营销活动 ==========
INSERT INTO marketing_campaign (name, type, description, start_time, end_time, status, target_group) VALUES
('五一狂欢节满减', '满减', '全场满200减50，会员额外9折', '2026-04-25 00:00:00', '2026-05-07 23:59:59', '进行中', '全部'),
('高价值客户专属福利', '促销', '高价值客户专享8折优惠券，限时领取', '2026-04-20 00:00:00', '2026-05-10 23:59:59', '进行中', '高价值'),
('初夏新品首发', '新品', '新品上市，前100名下单赠品', '2026-04-28 00:00:00', '2026-05-15 23:59:59', '进行中', '全部'),
('沉睡客户唤醒计划', '促销', '针对沉睡客户发放专属回归优惠券', '2026-04-15 00:00:00', '2026-05-15 23:59:59', '进行中', '沉睡');

-- ========== 优惠券 ==========
INSERT INTO coupon (campaign_id, name, discount_value, min_amount, total_qty, used_qty) VALUES
(1, '满200减50', 50.00, 200.00, 500, 6),
(1, '满100减20', 20.00, 100.00, 1000, 4),
(2, '高价值8折券', 0, 0, 100, 0),
(3, '新品赠品券', 0, 1.00, 100, 0),
(4, '回归满50减15', 15.00, 50.00, 200, 4);

-- ========== 优惠券发放（抽样） ==========
INSERT INTO coupon_record (coupon_id, customer_id, status, send_time, use_time) VALUES
(1, 1, '已使用', '2026-04-25 10:00:00', '2026-04-26 15:30:00'),
(1, 2, '已使用', '2026-04-25 10:00:00', '2026-04-27 09:00:00'),
(1, 3, '未使用', '2026-04-25 10:00:00', NULL),
(1, 5, '已使用', '2026-04-25 10:00:00', '2026-04-28 14:00:00'),
(1, 7, '未使用', '2026-04-25 10:00:00', NULL),
(1, 11, '已使用', '2026-04-25 10:00:00', '2026-04-26 11:00:00'),
(2, 4, '已使用', '2026-04-25 10:00:00', '2026-04-27 17:00:00'),
(2, 9, '未使用', '2026-04-25 10:00:00', NULL),
(2, 15, '已使用', '2026-04-25 10:00:00', '2026-04-28 10:30:00'),
(2, 20, '已使用', '2026-04-25 10:00:00', '2026-04-26 14:20:00'),
(5, 8, '未使用', '2026-04-18 09:00:00', NULL),
(5, 12, '未使用', '2026-04-18 09:00:00', NULL),
(5, 18, '已使用', '2026-04-18 09:00:00', '2026-04-22 16:00:00'),
(5, 23, '已过期', '2026-04-18 09:00:00', NULL);

-- ========== 员工业绩 ==========
INSERT INTO employee_performance (employee_id, month, sales_amount, new_customers, follow_up_count) VALUES
(2, '2026-01', 15000.00, 5, 12),
(2, '2026-02', 18500.00, 8, 18),
(2, '2026-03', 22000.00, 10, 22),
(2, '2026-04', 28000.00, 12, 25),
(3, '2026-01', 12000.00, 4, 10),
(3, '2026-02', 16800.00, 7, 15),
(3, '2026-03', 19500.00, 9, 20),
(3, '2026-04', 32000.00, 15, 28);

-- ========== 待办任务 ==========
INSERT INTO todo_task (employee_id, type, content, customer_id, deadline, status) VALUES
(2, '跟进', '跟进客户王大明，邀约到店', 4, '2026-04-25 18:00:00', '待办'),
(2, '跟进', '首次联系客户赵铁柱', 6, '2026-04-26 18:00:00', '待办'),
(2, '回访', '回访客户陈思雨，了解使用体验', 1, '2026-04-27 12:00:00', '待办'),
(3, '回访', '回访客户李佳琪，推荐新品', 5, '2026-04-25 16:00:00', '已完成'),
(3, '跟进', '跟进客户韩梅梅', 17, '2026-04-26 18:00:00', '待办'),
(3, '投诉', '处理客户何琳投诉', 23, '2026-04-24 18:00:00', '待办'),
(2, '活动', '五一活动物料准备', NULL, '2026-04-28 12:00:00', '待办'),
(3, '活动', '通知高价值客户五一活动', NULL, '2026-04-26 12:00:00', '待办');
